date,dhw,reef_break
2019-01-01 00:00:00+00:00,0.0,Pipeline
2019-02-01 00:00:00+00:00,0.0,Pipeline
2019-03-01 00:00:00+00:00,0.0,Pipeline
2019-04-01 00:00:00+00:00,0.0,Pipeline
2019-05-01 00:00:00+00:00,0.0,Pipeline
2019-06-01 00:00:00+00:00,0.0,Pipeline
2019-07-01 00:00:00+00:00,0.0,Pipeline
2019-08-01 00:00:00+00:00,0.0,Pipeline
2019-09-01 00:00:00+00:00,0.0,Pipeline
2019-10-01 00:00:00+00:00,0.0,Pipeline
2019-11-01 00:00:00+00:00,0.0,Pipeline
2019-12-01 00:00:00+00:00,0.0,Pipeline
2020-01-01 00:00:00+00:00,0.0,Pipeline
2020-02-01 00:00:00+00:00,0.0,Pipeline
2020-03-01 00:00:00+00:00,0.0,Pipeline
2020-04-01 00:00:00+00:00,0.0,Pipeline
2020-05-01 00:00:00+00:00,0.0,Pipeline
2020-06-01 00:00:00+00:00,0.0,Pipeline
2020-07-01 00:00:00+00:00,0.0,Pipeline
2020-08-01 00:00:00+00:00,0.0,Pipeline
2020-09-01 00:00:00+00:00,0.0,Pipeline
2020-10-01 00:00:00+00:00,0.0,Pipeline
2020-11-01 00:00:00+00:00,0.0,Pipeline
2020-12-01 00:00:00+00:00,0.0,Pipeline
2021-01-01 00:00:00+00:00,0.0,Pipeline
2021-02-01 00:00:00+00:00,0.0,Pipeline
2021-03-01 00:00:00+00:00,0.0,Pipeline
2021-04-01 00:00:00+00:00,0.0,Pipeline
2021-05-01 00:00:00+00:00,0.0,Pipeline
2021-06-01 00:00:00+00:00,0.0,Pipeline
2021-07-01 00:00:00+00:00,0.0,Pipeline
2021-08-01 00:00:00+00:00,0.0,Pipeline
2021-09-01 00:00:00+00:00,0.0,Pipeline
2021-10-01 00:00:00+00:00,0.0,Pipeline
2021-11-01 00:00:00+00:00,0.0,Pipeline
2021-12-01 00:00:00+00:00,0.0,Pipeline
2022-01-01 00:00:00+00:00,,Pipeline
2022-02-01 00:00:00+00:00,,Pipeline
2022-03-01 00:00:00+00:00,,Pipeline
2022-04-01 00:00:00+00:00,,Pipeline
2022-05-01 00:00:00+00:00,,Pipeline
2022-06-01 00:00:00+00:00,,Pipeline
2022-07-01 00:00:00+00:00,,Pipeline
2022-08-01 00:00:00+00:00,,Pipeline
2022-09-01 00:00:00+00:00,,Pipeline
2022-10-01 00:00:00+00:00,,Pipeline
2022-11-01 00:00:00+00:00,,Pipeline
2022-12-01 00:00:00+00:00,,Pipeline
2023-01-01 00:00:00+00:00,0.0,Pipeline
2023-02-01 00:00:00+00:00,0.0,Pipeline
2023-03-01 00:00:00+00:00,0.0,Pipeline
2023-04-01 00:00:00+00:00,0.0,Pipeline
2023-05-01 00:00:00+00:00,0.0,Pipeline
2023-06-01 00:00:00+00:00,0.0,Pipeline
2023-07-01 00:00:00+00:00,0.0,Pipeline
2023-08-01 00:00:00+00:00,0.0,Pipeline
2023-09-01 00:00:00+00:00,0.0,Pipeline
2023-10-01 00:00:00+00:00,0.0,Pipeline
2023-11-01 00:00:00+00:00,0.0,Pipeline
2023-12-01 00:00:00+00:00,0.0,Pipeline
2024-01-01 00:00:00+00:00,0.0,Pipeline
2024-02-01 00:00:00+00:00,0.0,Pipeline
2024-03-01 00:00:00+00:00,0.0,Pipeline
2024-04-01 00:00:00+00:00,0.0,Pipeline
2024-05-01 00:00:00+00:00,0.0,Pipeline
2024-06-01 00:00:00+00:00,0.0,Pipeline
2024-07-01 00:00:00+00:00,0.0,Pipeline
2024-08-01 00:00:00+00:00,0.0,Pipeline
2024-09-01 00:00:00+00:00,0.0,Pipeline
2024-10-01 00:00:00+00:00,0.0,Pipeline
2024-11-01 00:00:00+00:00,0.0,Pipeline
2024-12-01 00:00:00+00:00,0.0,Pipeline
2019-01-01 00:00:00+00:00,0.0,Uluwatu
2019-02-01 00:00:00+00:00,0.16321428571428573,Uluwatu
2019-03-01 00:00:00+00:00,1.0919354838709678,Uluwatu
2019-04-01 00:00:00+00:00,2.7953333333333332,Uluwatu
2019-05-01 00:00:00+00:00,2.924193548387097,Uluwatu
2019-06-01 00:00:00+00:00,2.0176666666666665,Uluwatu
2019-07-01 00:00:00+00:00,0.2135483870967742,Uluwatu
2019-08-01 00:00:00+00:00,0.0,Uluwatu
2019-09-01 00:00:00+00:00,0.0,Uluwatu
2019-10-01 00:00:00+00:00,0.0,Uluwatu
2019-11-01 00:00:00+00:00,0.0,Uluwatu
2019-12-01 00:00:00+00:00,0.0,Uluwatu
2020-01-01 00:00:00+00:00,0.45806451612903226,Uluwatu
2020-02-01 00:00:00+00:00,5.218275862068966,Uluwatu
2020-03-01 00:00:00+00:00,11.21774193548387,Uluwatu
2020-04-01 00:00:00+00:00,16.033,Uluwatu
2020-05-01 00:00:00+00:00,12.340645161290322,Uluwatu
2020-06-01 00:00:00+00:00,6.2780000000000005,Uluwatu
2020-07-01 00:00:00+00:00,0.947741935483871,Uluwatu
2020-08-01 00:00:00+00:00,0.0,Uluwatu
2020-09-01 00:00:00+00:00,0.0,Uluwatu
2020-10-01 00:00:00+00:00,0.0,Uluwatu
2020-11-01 00:00:00+00:00,0.0,Uluwatu
2020-12-01 00:00:00+00:00,0.0,Uluwatu
2021-01-01 00:00:00+00:00,0.0,Uluwatu
2021-02-01 00:00:00+00:00,0.0,Uluwatu
2021-03-01 00:00:00+00:00,0.0,Uluwatu
2021-04-01 00:00:00+00:00,0.0,Uluwatu
2021-05-01 00:00:00+00:00,0.0,Uluwatu
2021-06-01 00:00:00+00:00,0.0,Uluwatu
2021-07-01 00:00:00+00:00,0.0,Uluwatu
2021-08-01 00:00:00+00:00,0.0,Uluwatu
2021-09-01 00:00:00+00:00,0.0,Uluwatu
2021-10-01 00:00:00+00:00,0.0,Uluwatu
2021-11-01 00:00:00+00:00,0.0,Uluwatu
2021-12-01 00:00:00+00:00,0.2745161290322581,Uluwatu
2022-01-01 00:00:00+00:00,0.76,Uluwatu
2022-02-01 00:00:00+00:00,0.8135714285714286,Uluwatu
2022-03-01 00:00:00+00:00,1.5503225806451613,Uluwatu
2022-04-01 00:00:00+00:00,5.252,Uluwatu
2022-05-01 00:00:00+00:00,6.13516129032258,Uluwatu
2022-06-01 00:00:00+00:00,4.218,Uluwatu
2022-07-01 00:00:00+00:00,0.49096774193548387,Uluwatu
2022-08-01 00:00:00+00:00,0.0464516129032258,Uluwatu
2022-09-01 00:00:00+00:00,0.0,Uluwatu
2022-10-01 00:00:00+00:00,0.0,Uluwatu
2022-11-01 00:00:00+00:00,0.0,Uluwatu
2022-12-01 00:00:00+00:00,0.0,Uluwatu
2023-01-01 00:00:00+00:00,0.0,Uluwatu
2023-02-01 00:00:00+00:00,0.0,Uluwatu
2023-03-01 00:00:00+00:00,0.0,Uluwatu
2023-04-01 00:00:00+00:00,0.0,Uluwatu
2023-05-01 00:00:00+00:00,0.0,Uluwatu
2023-06-01 00:00:00+00:00,0.0,Uluwatu
2023-07-01 00:00:00+00:00,0.0,Uluwatu
2023-08-01 00:00:00+00:00,0.0,Uluwatu
2023-09-01 00:00:00+00:00,0.0,Uluwatu
2023-10-01 00:00:00+00:00,0.0,Uluwatu
2023-11-01 00:00:00+00:00,0.0,Uluwatu
2023-12-01 00:00:00+00:00,0.024193548387096774,Uluwatu
2024-01-01 00:00:00+00:00,0.25966666666666666,Uluwatu
2024-02-01 00:00:00+00:00,2.3506896551724137,Uluwatu
2024-03-01 00:00:00+00:00,8.494516129032258,Uluwatu
2024-04-01 00:00:00+00:00,12.879,Uluwatu
2024-05-01 00:00:00+00:00,10.035483870967743,Uluwatu
2024-06-01 00:00:00+00:00,3.689,Uluwatu
2024-07-01 00:00:00+00:00,0.07518518518518519,Uluwatu
2024-08-01 00:00:00+00:00,0.0,Uluwatu
2024-09-01 00:00:00+00:00,0.0,Uluwatu
2024-10-01 00:00:00+00:00,0.0,Uluwatu
2024-11-01 00:00:00+00:00,0.5403333333333333,Uluwatu
2024-12-01 00:00:00+00:00,3.2961290322580648,Uluwatu
2019-01-01 00:00:00+00:00,0.47161290322580646,Cloudbreak
2019-02-01 00:00:00+00:00,3.251785714285714,Cloudbreak
2019-03-01 00:00:00+00:00,7.881612903225807,Cloudbreak
2019-04-01 00:00:00+00:00,9.060666666666666,Cloudbreak
2019-05-01 00:00:00+00:00,5.518387096774194,Cloudbreak
2019-06-01 00:00:00+00:00,1.089,Cloudbreak
2019-07-01 00:00:00+00:00,0.031612903225806455,Cloudbreak
2019-08-01 00:00:00+00:00,0.0,Cloudbreak
2019-09-01 00:00:00+00:00,0.0,Cloudbreak
2019-10-01 00:00:00+00:00,0.0,Cloudbreak
2019-11-01 00:00:00+00:00,0.0,Cloudbreak
2019-12-01 00:00:00+00:00,0.0,Cloudbreak
2020-01-01 00:00:00+00:00,0.0,Cloudbreak
2020-02-01 00:00:00+00:00,1.046896551724138,Cloudbreak
2020-03-01 00:00:00+00:00,2.5748387096774192,Cloudbreak
2020-04-01 00:00:00+00:00,2.67,Cloudbreak
2020-05-01 00:00:00+00:00,1.0925806451612903,Cloudbreak
2020-06-01 00:00:00+00:00,0.005,Cloudbreak
2020-07-01 00:00:00+00:00,0.0,Cloudbreak
2020-08-01 00:00:00+00:00,0.0,Cloudbreak
2020-09-01 00:00:00+00:00,0.0,Cloudbreak
2020-10-01 00:00:00+00:00,0.0,Cloudbreak
2020-11-01 00:00:00+00:00,0.0,Cloudbreak
2020-12-01 00:00:00+00:00,0.0,Cloudbreak
2021-01-01 00:00:00+00:00,0.18193548387096772,Cloudbreak
2021-02-01 00:00:00+00:00,0.47000000000000003,Cloudbreak
2021-03-01 00:00:00+00:00,0.47,Cloudbreak
2021-04-01 00:00:00+00:00,0.2033333333333333,Cloudbreak
2021-05-01 00:00:00+00:00,0.0,Cloudbreak
2021-06-01 00:00:00+00:00,0.0,Cloudbreak
2021-07-01 00:00:00+00:00,0.0,Cloudbreak
2021-08-01 00:00:00+00:00,0.0,Cloudbreak
2021-09-01 00:00:00+00:00,0.0,Cloudbreak
2021-10-01 00:00:00+00:00,0.0,Cloudbreak
2021-11-01 00:00:00+00:00,0.0,Cloudbreak
2021-12-01 00:00:00+00:00,0.0,Cloudbreak
2022-01-01 00:00:00+00:00,0.10612903225806451,Cloudbreak
2022-02-01 00:00:00+00:00,0.7964285714285715,Cloudbreak
2022-03-01 00:00:00+00:00,2.7061290322580644,Cloudbreak
2022-04-01 00:00:00+00:00,3.5656666666666665,Cloudbreak
2022-05-01 00:00:00+00:00,2.8048387096774197,Cloudbreak
2022-06-01 00:00:00+00:00,0.5276666666666666,Cloudbreak
2022-07-01 00:00:00+00:00,0.0,Cloudbreak
2022-08-01 00:00:00+00:00,0.0,Cloudbreak
2022-09-01 00:00:00+00:00,0.0,Cloudbreak
2022-10-01 00:00:00+00:00,0.0,Cloudbreak
2022-11-01 00:00:00+00:00,0.0,Cloudbreak
2022-12-01 00:00:00+00:00,1.0629032258064515,Cloudbreak
2023-01-01 00:00:00+00:00,1.454516129032258,Cloudbreak
2023-02-01 00:00:00+00:00,3.1917857142857144,Cloudbreak
2023-03-01 00:00:00+00:00,2.060967741935484,Cloudbreak
2023-04-01 00:00:00+00:00,2.878,Cloudbreak
2023-05-01 00:00:00+00:00,1.538709677419355,Cloudbreak
2023-06-01 00:00:00+00:00,1.3796666666666666,Cloudbreak
2023-07-01 00:00:00+00:00,0.14096774193548386,Cloudbreak
2023-08-01 00:00:00+00:00,0.0,Cloudbreak
2023-09-01 00:00:00+00:00,0.0,Cloudbreak
2023-10-01 00:00:00+00:00,0.0,Cloudbreak
2023-11-01 00:00:00+00:00,0.0,Cloudbreak
2023-12-01 00:00:00+00:00,0.0,Cloudbreak
2024-01-01 00:00:00+00:00,1.027,Cloudbreak
2024-02-01 00:00:00+00:00,3.867241379310345,Cloudbreak
2024-03-01 00:00:00+00:00,7.3506451612903225,Cloudbreak
2024-04-01 00:00:00+00:00,6.254333333333333,Cloudbreak
2024-05-01 00:00:00+00:00,3.148709677419355,Cloudbreak
2024-06-01 00:00:00+00:00,0.19899999999999998,Cloudbreak
2024-07-01 00:00:00+00:00,0.09444444444444444,Cloudbreak
2024-08-01 00:00:00+00:00,0.0,Cloudbreak
2024-09-01 00:00:00+00:00,0.0,Cloudbreak
2024-10-01 00:00:00+00:00,0.0,Cloudbreak
2024-11-01 00:00:00+00:00,0.0,Cloudbreak
2024-12-01 00:00:00+00:00,0.10161290322580645,Cloudbreak
2019-01-01 00:00:00+00:00,0.0,Jeffreys Bay (J-Bay)
2019-02-01 00:00:00+00:00,0.0,Jeffreys Bay (J-Bay)
2019-03-01 00:00:00+00:00,0.0,Jeffreys Bay (J-Bay)
2019-04-01 00:00:00+00:00,0.0,Jeffreys Bay (J-Bay)
2019-05-01 00:00:00+00:00,0.0,Jeffreys Bay (J-Bay)
2019-06-01 00:00:00+00:00,0.0,Jeffreys Bay (J-Bay)
2019-07-01 00:00:00+00:00,0.0,Jeffreys Bay (J-Bay)
2019-08-01 00:00:00+00:00,0.0,Jeffreys Bay (J-Bay)
2019-09-01 00:00:00+00:00,0.0,Jeffreys Bay (J-Bay)
2019-10-01 00:00:00+00:00,0.0,Jeffreys Bay (J-Bay)
2019-11-01 00:00:00+00:00,0.0,Jeffreys Bay (J-Bay)
2019-12-01 00:00:00+00:00,0.0,Jeffreys Bay (J-Bay)
2020-01-01 00:00:00+00:00,0.3412903225806452,Jeffreys Bay (J-Bay)
2020-02-01 00:00:00+00:00,0.73,Jeffreys Bay (J-Bay)
2020-03-01 00:00:00+00:00,0.73,Jeffreys Bay (J-Bay)
2020-04-01 00:00:00+00:00,0.2313333333333333,Jeffreys Bay (J-Bay)
2020-05-01 00:00:00+00:00,0.0,Jeffreys Bay (J-Bay)
2020-06-01 00:00:00+00:00,0.0,Jeffreys Bay (J-Bay)
2020-07-01 00:00:00+00:00,0.0,Jeffreys Bay (J-Bay)
2020-08-01 00:00:00+00:00,0.0,Jeffreys Bay (J-Bay)
2020-09-01 00:00:00+00:00,0.0,Jeffreys Bay (J-Bay)
2020-10-01 00:00:00+00:00,0.0,Jeffreys Bay (J-Bay)
2020-11-01 00:00:00+00:00,0.0,Jeffreys Bay (J-Bay)
2020-12-01 00:00:00+00:00,0.0,Jeffreys Bay (J-Bay)
2021-01-01 00:00:00+00:00,0.0,Jeffreys Bay (J-Bay)
2021-02-01 00:00:00+00:00,0.19357142857142856,Jeffreys Bay (J-Bay)
2021-03-01 00:00:00+00:00,0.35,Jeffreys Bay (J-Bay)
2021-04-01 00:00:00+00:00,0.35,Jeffreys Bay (J-Bay)
2021-05-01 00:00:00+00:00,0.08483870967741935,Jeffreys Bay (J-Bay)
2021-06-01 00:00:00+00:00,0.0,Jeffreys Bay (J-Bay)
2021-07-01 00:00:00+00:00,0.0,Jeffreys Bay (J-Bay)
2021-08-01 00:00:00+00:00,0.0,Jeffreys Bay (J-Bay)
2021-09-01 00:00:00+00:00,0.0,Jeffreys Bay (J-Bay)
2021-10-01 00:00:00+00:00,0.0,Jeffreys Bay (J-Bay)
2021-11-01 00:00:00+00:00,0.0,Jeffreys Bay (J-Bay)
2021-12-01 00:00:00+00:00,0.0,Jeffreys Bay (J-Bay)
2022-01-01 00:00:00+00:00,0.0,Jeffreys Bay (J-Bay)
2022-02-01 00:00:00+00:00,0.0,Jeffreys Bay (J-Bay)
2022-03-01 00:00:00+00:00,0.0,Jeffreys Bay (J-Bay)
2022-04-01 00:00:00+00:00,0.0,Jeffreys Bay (J-Bay)
2022-05-01 00:00:00+00:00,0.0,Jeffreys Bay (J-Bay)
2022-06-01 00:00:00+00:00,0.0,Jeffreys Bay (J-Bay)
2022-07-01 00:00:00+00:00,0.0,Jeffreys Bay (J-Bay)
2022-08-01 00:00:00+00:00,0.0,Jeffreys Bay (J-Bay)
2022-09-01 00:00:00+00:00,0.0,Jeffreys Bay (J-Bay)
2022-10-01 00:00:00+00:00,0.0,Jeffreys Bay (J-Bay)
2022-11-01 00:00:00+00:00,0.0,Jeffreys Bay (J-Bay)
2022-12-01 00:00:00+00:00,0.0,Jeffreys Bay (J-Bay)
2023-01-01 00:00:00+00:00,,Jeffreys Bay (J-Bay)
2023-02-01 00:00:00+00:00,,Jeffreys Bay (J-Bay)
2023-03-01 00:00:00+00:00,,Jeffreys Bay (J-Bay)
2023-04-01 00:00:00+00:00,,Jeffreys Bay (J-Bay)
2023-05-01 00:00:00+00:00,,Jeffreys Bay (J-Bay)
2023-06-01 00:00:00+00:00,,Jeffreys Bay (J-Bay)
2023-07-01 00:00:00+00:00,,Jeffreys Bay (J-Bay)
2023-08-01 00:00:00+00:00,,Jeffreys Bay (J-Bay)
2023-09-01 00:00:00+00:00,,Jeffreys Bay (J-Bay)
2023-10-01 00:00:00+00:00,,Jeffreys Bay (J-Bay)
2023-11-01 00:00:00+00:00,,Jeffreys Bay (J-Bay)
2023-12-01 00:00:00+00:00,,Jeffreys Bay (J-Bay)
2024-01-01 00:00:00+00:00,0.0,Jeffreys Bay (J-Bay)
2024-02-01 00:00:00+00:00,0.0,Jeffreys Bay (J-Bay)
2024-03-01 00:00:00+00:00,0.0,Jeffreys Bay (J-Bay)
2024-04-01 00:00:00+00:00,0.0,Jeffreys Bay (J-Bay)
2024-05-01 00:00:00+00:00,0.0,Jeffreys Bay (J-Bay)
2024-06-01 00:00:00+00:00,0.0,Jeffreys Bay (J-Bay)
2024-07-01 00:00:00+00:00,0.0,Jeffreys Bay (J-Bay)
2024-08-01 00:00:00+00:00,0.0,Jeffreys Bay (J-Bay)
2024-09-01 00:00:00+00:00,0.0,Jeffreys Bay (J-Bay)
2024-10-01 00:00:00+00:00,0.0,Jeffreys Bay (J-Bay)
2024-11-01 00:00:00+00:00,0.0,Jeffreys Bay (J-Bay)
2024-12-01 00:00:00+00:00,0.0,Jeffreys Bay (J-Bay)
2019-01-01 00:00:00+00:00,0.0,Snapper Rocks
2019-02-01 00:00:00+00:00,0.0,Snapper Rocks
2019-03-01 00:00:00+00:00,0.0,Snapper Rocks
2019-04-01 00:00:00+00:00,0.0,Snapper Rocks
2019-05-01 00:00:00+00:00,0.0,Snapper Rocks
2019-06-01 00:00:00+00:00,0.0,Snapper Rocks
2019-07-01 00:00:00+00:00,0.0,Snapper Rocks
2019-08-01 00:00:00+00:00,0.0,Snapper Rocks
2019-09-01 00:00:00+00:00,0.0,Snapper Rocks
2019-10-01 00:00:00+00:00,0.0,Snapper Rocks
2019-11-01 00:00:00+00:00,0.0,Snapper Rocks
2019-12-01 00:00:00+00:00,0.0,Snapper Rocks
2020-01-01 00:00:00+00:00,0.0,Snapper Rocks
2020-02-01 00:00:00+00:00,0.8175862068965517,Snapper Rocks
2020-03-01 00:00:00+00:00,3.7529032258064516,Snapper Rocks
2020-04-01 00:00:00+00:00,3.88,Snapper Rocks
2020-05-01 00:00:00+00:00,2.2458064516129035,Snapper Rocks
2020-06-01 00:00:00+00:00,0.0,Snapper Rocks
2020-07-01 00:00:00+00:00,0.0,Snapper Rocks
2020-08-01 00:00:00+00:00,0.0,Snapper Rocks
2020-09-01 00:00:00+00:00,0.0,Snapper Rocks
2020-10-01 00:00:00+00:00,0.0,Snapper Rocks
2020-11-01 00:00:00+00:00,0.0,Snapper Rocks
2020-12-01 00:00:00+00:00,0.0,Snapper Rocks
2021-01-01 00:00:00+00:00,0.0,Snapper Rocks
2021-02-01 00:00:00+00:00,0.0,Snapper Rocks
2021-03-01 00:00:00+00:00,0.0,Snapper Rocks
2021-04-01 00:00:00+00:00,0.0,Snapper Rocks
2021-05-01 00:00:00+00:00,0.0,Snapper Rocks
2021-06-01 00:00:00+00:00,0.0,Snapper Rocks
2021-07-01 00:00:00+00:00,0.0,Snapper Rocks
2021-08-01 00:00:00+00:00,0.0,Snapper Rocks
2021-09-01 00:00:00+00:00,0.0,Snapper Rocks
2021-10-01 00:00:00+00:00,0.0,Snapper Rocks
2021-11-01 00:00:00+00:00,0.0,Snapper Rocks
2021-12-01 00:00:00+00:00,0.0,Snapper Rocks
2022-01-01 00:00:00+00:00,0.0,Snapper Rocks
2022-02-01 00:00:00+00:00,0.5121428571428571,Snapper Rocks
2022-03-01 00:00:00+00:00,0.53,Snapper Rocks
2022-04-01 00:00:00+00:00,0.4583333333333333,Snapper Rocks
2022-05-01 00:00:00+00:00,0.0,Snapper Rocks
2022-06-01 00:00:00+00:00,0.0,Snapper Rocks
2022-07-01 00:00:00+00:00,0.0,Snapper Rocks
2022-08-01 00:00:00+00:00,0.0,Snapper Rocks
2022-09-01 00:00:00+00:00,0.0,Snapper Rocks
2022-10-01 00:00:00+00:00,0.0,Snapper Rocks
2022-11-01 00:00:00+00:00,0.0,Snapper Rocks
2022-12-01 00:00:00+00:00,0.0,Snapper Rocks
2023-01-01 00:00:00+00:00,0.0,Snapper Rocks
2023-02-01 00:00:00+00:00,0.0,Snapper Rocks
2023-03-01 00:00:00+00:00,0.0,Snapper Rocks
2023-04-01 00:00:00+00:00,0.0,Snapper Rocks
2023-05-01 00:00:00+00:00,0.0,Snapper Rocks
2023-06-01 00:00:00+00:00,0.0,Snapper Rocks
2023-07-01 00:00:00+00:00,0.0,Snapper Rocks
2023-08-01 00:00:00+00:00,0.0,Snapper Rocks
2023-09-01 00:00:00+00:00,0.0,Snapper Rocks
2023-10-01 00:00:00+00:00,0.0,Snapper Rocks
2023-11-01 00:00:00+00:00,0.0,Snapper Rocks
2023-12-01 00:00:00+00:00,0.0,Snapper Rocks
2024-01-01 00:00:00+00:00,0.05333333333333334,Snapper Rocks
2024-02-01 00:00:00+00:00,2.1182758620689657,Snapper Rocks
2024-03-01 00:00:00+00:00,6.524516129032258,Snapper Rocks
2024-04-01 00:00:00+00:00,6.6033333333333335,Snapper Rocks
2024-05-01 00:00:00+00:00,3.202258064516129,Snapper Rocks
2024-06-01 00:00:00+00:00,0.0,Snapper Rocks
2024-07-01 00:00:00+00:00,0.0,Snapper Rocks
2024-08-01 00:00:00+00:00,0.0,Snapper Rocks
2024-09-01 00:00:00+00:00,0.0,Snapper Rocks
2024-10-01 00:00:00+00:00,0.0,Snapper Rocks
2024-11-01 00:00:00+00:00,0.0,Snapper Rocks
2024-12-01 00:00:00+00:00,0.0,Snapper Rocks
2019-01-01 00:00:00+00:00,0.0,Padang Padang
2019-02-01 00:00:00+00:00,0.03214285714285714,Padang Padang
2019-03-01 00:00:00+00:00,0.1803225806451613,Padang Padang
2019-04-01 00:00:00+00:00,1.1996666666666667,Padang Padang
2019-05-01 00:00:00+00:00,1.446774193548387,Padang Padang
2019-06-01 00:00:00+00:00,1.1913333333333334,Padang Padang
2019-07-01 00:00:00+00:00,0.13451612903225807,Padang Padang
2019-08-01 00:00:00+00:00,0.0,Padang Padang
2019-09-01 00:00:00+00:00,0.0,Padang Padang
2019-10-01 00:00:00+00:00,0.0,Padang Padang
2019-11-01 00:00:00+00:00,0.0,Padang Padang
2019-12-01 00:00:00+00:00,0.0,Padang Padang
2020-01-01 00:00:00+00:00,0.44419354838709674,Padang Padang
2020-02-01 00:00:00+00:00,4.999310344827586,Padang Padang
2020-03-01 00:00:00+00:00,10.658064516129034,Padang Padang
2020-04-01 00:00:00+00:00,15.213666666666667,Padang Padang
2020-05-01 00:00:00+00:00,11.8,Padang Padang
2020-06-01 00:00:00+00:00,6.113,Padang Padang
2020-07-01 00:00:00+00:00,0.99,Padang Padang
2020-08-01 00:00:00+00:00,0.0,Padang Padang
2020-09-01 00:00:00+00:00,0.0,Padang Padang
2020-10-01 00:00:00+00:00,0.0,Padang Padang
2020-11-01 00:00:00+00:00,0.0,Padang Padang
2020-12-01 00:00:00+00:00,0.0,Padang Padang
2021-01-01 00:00:00+00:00,0.0,Padang Padang
2021-02-01 00:00:00+00:00,0.0,Padang Padang
2021-03-01 00:00:00+00:00,0.0,Padang Padang
2021-04-01 00:00:00+00:00,0.0,Padang Padang
2021-05-01 00:00:00+00:00,0.0,Padang Padang
2021-06-01 00:00:00+00:00,0.0,Padang Padang
2021-07-01 00:00:00+00:00,0.0,Padang Padang
2021-08-01 00:00:00+00:00,0.0,Padang Padang
2021-09-01 00:00:00+00:00,0.0,Padang Padang
2021-10-01 00:00:00+00:00,0.0,Padang Padang
2021-11-01 00:00:00+00:00,0.0,Padang Padang
2021-12-01 00:00:00+00:00,0.26903225806451614,Padang Padang
2022-01-01 00:00:00+00:00,0.64,Padang Padang
2022-02-01 00:00:00+00:00,0.64,Padang Padang
2022-03-01 00:00:00+00:00,0.9487096774193549,Padang Padang
2022-04-01 00:00:00+00:00,4.110666666666667,Padang Padang
2022-05-01 00:00:00+00:00,5.112258064516129,Padang Padang
2022-06-01 00:00:00+00:00,3.8513333333333337,Padang Padang
2022-07-01 00:00:00+00:00,0.5251612903225806,Padang Padang
2022-08-01 00:00:00+00:00,0.0464516129032258,Padang Padang
2022-09-01 00:00:00+00:00,0.0,Padang Padang
2022-10-01 00:00:00+00:00,0.0,Padang Padang
2022-11-01 00:00:00+00:00,0.0,Padang Padang
2022-12-01 00:00:00+00:00,0.0,Padang Padang
2023-01-01 00:00:00+00:00,0.0,Padang Padang
2023-02-01 00:00:00+00:00,0.0,Padang Padang
2023-03-01 00:00:00+00:00,0.0,Padang Padang
2023-04-01 00:00:00+00:00,0.0,Padang Padang
2023-05-01 00:00:00+00:00,0.0,Padang Padang
2023-06-01 00:00:00+00:00,0.0,Padang Padang
2023-07-01 00:00:00+00:00,0.0,Padang Padang
2023-08-01 00:00:00+00:00,0.0,Padang Padang
2023-09-01 00:00:00+00:00,0.0,Padang Padang
2023-10-01 00:00:00+00:00,0.0,Padang Padang
2023-11-01 00:00:00+00:00,0.0,Padang Padang
2023-12-01 00:00:00+00:00,0.025806451612903226,Padang Padang
2024-01-01 00:00:00+00:00,0.4036666666666667,Padang Padang
2024-02-01 00:00:00+00:00,2.2800000000000002,Padang Padang
2024-03-01 00:00:00+00:00,7.831612903225807,Padang Padang
2024-04-01 00:00:00+00:00,11.381333333333334,Padang Padang
2024-05-01 00:00:00+00:00,8.782580645161291,Padang Padang
2024-06-01 00:00:00+00:00,3.1653333333333338,Padang Padang
2024-07-01 00:00:00+00:00,0.07185185185185185,Padang Padang
2024-08-01 00:00:00+00:00,0.0,Padang Padang
2024-09-01 00:00:00+00:00,0.0,Padang Padang
2024-10-01 00:00:00+00:00,0.0,Padang Padang
2024-11-01 00:00:00+00:00,0.5746666666666667,Padang Padang
2024-12-01 00:00:00+00:00,3.6106451612903228,Padang Padang
2019-01-01 00:00:00+00:00,0.0,G-land
2019-02-01 00:00:00+00:00,0.275,G-land
2019-03-01 00:00:00+00:00,1.8258064516129033,G-land
2019-04-01 00:00:00+00:00,3.0886666666666667,G-land
2019-05-01 00:00:00+00:00,2.7761290322580647,G-land
2019-06-01 00:00:00+00:00,1.4743333333333333,G-land
2019-07-01 00:00:00+00:00,0.13645161290322583,G-land
2019-08-01 00:00:00+00:00,0.0,G-land
2019-09-01 00:00:00+00:00,0.0,G-land
2019-10-01 00:00:00+00:00,0.0,G-land
2019-11-01 00:00:00+00:00,0.0,G-land
2019-12-01 00:00:00+00:00,0.0,G-land
2020-01-01 00:00:00+00:00,0.34935483870967743,G-land
2020-02-01 00:00:00+00:00,4.875862068965517,G-land
2020-03-01 00:00:00+00:00,10.620000000000001,G-land
2020-04-01 00:00:00+00:00,15.469666666666665,G-land
2020-05-01 00:00:00+00:00,12.05967741935484,G-land
2020-06-01 00:00:00+00:00,6.237,G-land
2020-07-01 00:00:00+00:00,1.003548387096774,G-land
2020-08-01 00:00:00+00:00,0.0,G-land
2020-09-01 00:00:00+00:00,0.0,G-land
2020-10-01 00:00:00+00:00,0.0,G-land
2020-11-01 00:00:00+00:00,0.0,G-land
2020-12-01 00:00:00+00:00,0.0,G-land
2021-01-01 00:00:00+00:00,0.0,G-land
2021-02-01 00:00:00+00:00,0.0,G-land
2021-03-01 00:00:00+00:00,0.0532258064516129,G-land
2021-04-01 00:00:00+00:00,0.734,G-land
2021-05-01 00:00:00+00:00,0.75,G-land
2021-06-01 00:00:00+00:00,0.5359999999999999,G-land
2021-07-01 00:00:00+00:00,0.0,G-land
2021-08-01 00:00:00+00:00,0.0,G-land
2021-09-01 00:00:00+00:00,0.0,G-land
2021-10-01 00:00:00+00:00,0.0,G-land
2021-11-01 00:00:00+00:00,0.0,G-land
2021-12-01 00:00:00+00:00,0.09322580645161291,G-land
2022-01-01 00:00:00+00:00,0.6,G-land
2022-02-01 00:00:00+00:00,0.7082142857142857,G-land
2022-03-01 00:00:00+00:00,1.3951612903225807,G-land
2022-04-01 00:00:00+00:00,3.2253333333333334,G-land
2022-05-01 00:00:00+00:00,3.8496774193548386,G-land
2022-06-01 00:00:00+00:00,2.5613333333333332,G-land
2022-07-01 00:00:00+00:00,0.36967741935483867,G-land
2022-08-01 00:00:00+00:00,0.0,G-land
2022-09-01 00:00:00+00:00,0.0,G-land
2022-10-01 00:00:00+00:00,0.0,G-land
2022-11-01 00:00:00+00:00,0.0,G-land
2022-12-01 00:00:00+00:00,0.0,G-land
2023-01-01 00:00:00+00:00,0.0,G-land
2023-02-01 00:00:00+00:00,0.0,G-land
2023-03-01 00:00:00+00:00,0.0,G-land
2023-04-01 00:00:00+00:00,0.0,G-land
2023-05-01 00:00:00+00:00,0.0,G-land
2023-06-01 00:00:00+00:00,0.0,G-land
2023-07-01 00:00:00+00:00,0.0,G-land
2023-08-01 00:00:00+00:00,0.0,G-land
2023-09-01 00:00:00+00:00,0.0,G-land
2023-10-01 00:00:00+00:00,0.0,G-land
2023-11-01 00:00:00+00:00,0.0,G-land
2023-12-01 00:00:00+00:00,0.0,G-land
2024-01-01 00:00:00+00:00,0.0,G-land
2024-02-01 00:00:00+00:00,1.3503448275862069,G-land
2024-03-01 00:00:00+00:00,7.33741935483871,G-land
2024-04-01 00:00:00+00:00,11.724333333333334,G-land
2024-05-01 00:00:00+00:00,9.48709677419355,G-land
2024-06-01 00:00:00+00:00,3.458666666666667,G-land
2024-07-01 00:00:00+00:00,0.07444444444444445,G-land
2024-08-01 00:00:00+00:00,0.0,G-land
2024-09-01 00:00:00+00:00,0.0,G-land
2024-10-01 00:00:00+00:00,0.0,G-land
2024-11-01 00:00:00+00:00,0.38966666666666666,G-land
2024-12-01 00:00:00+00:00,2.365806451612903,G-land
2019-01-01 00:00:00+00:00,0.0,Honolua Bay
2019-02-01 00:00:00+00:00,0.0,Honolua Bay
2019-03-01 00:00:00+00:00,0.0,Honolua Bay
2019-04-01 00:00:00+00:00,0.0,Honolua Bay
2019-05-01 00:00:00+00:00,0.0,Honolua Bay
2019-06-01 00:00:00+00:00,0.0,Honolua Bay
2019-07-01 00:00:00+00:00,0.0,Honolua Bay
2019-08-01 00:00:00+00:00,0.2461290322580645,Honolua Bay
2019-09-01 00:00:00+00:00,3.879,Honolua Bay
2019-10-01 00:00:00+00:00,6.72258064516129,Honolua Bay
2019-11-01 00:00:00+00:00,6.29,Honolua Bay
2019-12-01 00:00:00+00:00,2.2096774193548385,Honolua Bay
2020-01-01 00:00:00+00:00,0.09193548387096774,Honolua Bay
2020-02-01 00:00:00+00:00,0.0,Honolua Bay
2020-03-01 00:00:00+00:00,0.0,Honolua Bay
2020-04-01 00:00:00+00:00,0.0,Honolua Bay
2020-05-01 00:00:00+00:00,0.0,Honolua Bay
2020-06-01 00:00:00+00:00,0.0,Honolua Bay
2020-07-01 00:00:00+00:00,0.0,Honolua Bay
2020-08-01 00:00:00+00:00,0.0,Honolua Bay
2020-09-01 00:00:00+00:00,0.0,Honolua Bay
2020-10-01 00:00:00+00:00,0.0,Honolua Bay
2020-11-01 00:00:00+00:00,0.0,Honolua Bay
2020-12-01 00:00:00+00:00,0.0,Honolua Bay
2021-01-01 00:00:00+00:00,0.0,Honolua Bay
2021-02-01 00:00:00+00:00,0.0,Honolua Bay
2021-03-01 00:00:00+00:00,0.0,Honolua Bay
2021-04-01 00:00:00+00:00,0.0,Honolua Bay
2021-05-01 00:00:00+00:00,0.0,Honolua Bay
2021-06-01 00:00:00+00:00,0.0,Honolua Bay
2021-07-01 00:00:00+00:00,0.0,Honolua Bay
2021-08-01 00:00:00+00:00,0.0,Honolua Bay
2021-09-01 00:00:00+00:00,0.0,Honolua Bay
2021-10-01 00:00:00+00:00,0.0,Honolua Bay
2021-11-01 00:00:00+00:00,0.0,Honolua Bay
2021-12-01 00:00:00+00:00,0.0,Honolua Bay
2022-01-01 00:00:00+00:00,0.0,Honolua Bay
2022-02-01 00:00:00+00:00,0.0,Honolua Bay
2022-03-01 00:00:00+00:00,0.0,Honolua Bay
2022-04-01 00:00:00+00:00,0.0,Honolua Bay
2022-05-01 00:00:00+00:00,0.0,Honolua Bay
2022-06-01 00:00:00+00:00,0.0,Honolua Bay
2022-07-01 00:00:00+00:00,0.0,Honolua Bay
2022-08-01 00:00:00+00:00,0.0,Honolua Bay
2022-09-01 00:00:00+00:00,0.0,Honolua Bay
2022-10-01 00:00:00+00:00,0.0,Honolua Bay
2022-11-01 00:00:00+00:00,0.0,Honolua Bay
2022-12-01 00:00:00+00:00,0.0,Honolua Bay
2023-01-01 00:00:00+00:00,0.0,Honolua Bay
2023-02-01 00:00:00+00:00,0.0,Honolua Bay
2023-03-01 00:00:00+00:00,0.0,Honolua Bay
2023-04-01 00:00:00+00:00,0.0,Honolua Bay
2023-05-01 00:00:00+00:00,0.0,Honolua Bay
2023-06-01 00:00:00+00:00,0.0,Honolua Bay
2023-07-01 00:00:00+00:00,0.0,Honolua Bay
2023-08-01 00:00:00+00:00,0.0,Honolua Bay
2023-09-01 00:00:00+00:00,0.0,Honolua Bay
2023-10-01 00:00:00+00:00,0.0,Honolua Bay
2023-11-01 00:00:00+00:00,0.0,Honolua Bay
2023-12-01 00:00:00+00:00,0.0,Honolua Bay
2024-01-01 00:00:00+00:00,0.0,Honolua Bay
2024-02-01 00:00:00+00:00,0.0,Honolua Bay
2024-03-01 00:00:00+00:00,0.0,Honolua Bay
2024-04-01 00:00:00+00:00,0.0,Honolua Bay
2024-05-01 00:00:00+00:00,0.0,Honolua Bay
2024-06-01 00:00:00+00:00,0.0,Honolua Bay
2024-07-01 00:00:00+00:00,0.0,Honolua Bay
2024-08-01 00:00:00+00:00,0.0,Honolua Bay
2024-09-01 00:00:00+00:00,0.0,Honolua Bay
2024-10-01 00:00:00+00:00,0.0,Honolua Bay
2024-11-01 00:00:00+00:00,0.0,Honolua Bay
2024-12-01 00:00:00+00:00,0.0,Honolua Bay
2019-01-01 00:00:00+00:00,0.0,Raglan
2019-02-01 00:00:00+00:00,0.15535714285714283,Raglan
2019-03-01 00:00:00+00:00,0.3,Raglan
2019-04-01 00:00:00+00:00,0.3,Raglan
2019-05-01 00:00:00+00:00,0.08225806451612902,Raglan
2019-06-01 00:00:00+00:00,0.0,Raglan
2019-07-01 00:00:00+00:00,0.0,Raglan
2019-08-01 00:00:00+00:00,0.0,Raglan
2019-09-01 00:00:00+00:00,0.0,Raglan
2019-10-01 00:00:00+00:00,0.0,Raglan
2019-11-01 00:00:00+00:00,0.0,Raglan
2019-12-01 00:00:00+00:00,0.0,Raglan
2020-01-01 00:00:00+00:00,0.0,Raglan
2020-02-01 00:00:00+00:00,0.0496551724137931,Raglan
2020-03-01 00:00:00+00:00,0.16,Raglan
2020-04-01 00:00:00+00:00,0.16,Raglan
2020-05-01 00:00:00+00:00,0.07225806451612904,Raglan
2020-06-01 00:00:00+00:00,0.0,Raglan
2020-07-01 00:00:00+00:00,0.0,Raglan
2020-08-01 00:00:00+00:00,0.0,Raglan
2020-09-01 00:00:00+00:00,0.0,Raglan
2020-10-01 00:00:00+00:00,0.0,Raglan
2020-11-01 00:00:00+00:00,0.0,Raglan
2020-12-01 00:00:00+00:00,0.0,Raglan
2021-01-01 00:00:00+00:00,0.0,Raglan
2021-02-01 00:00:00+00:00,0.0,Raglan
2021-03-01 00:00:00+00:00,0.0,Raglan
2021-04-01 00:00:00+00:00,0.0,Raglan
2021-05-01 00:00:00+00:00,0.0,Raglan
2021-06-01 00:00:00+00:00,0.0,Raglan
2021-07-01 00:00:00+00:00,0.0,Raglan
2021-08-01 00:00:00+00:00,0.0,Raglan
2021-09-01 00:00:00+00:00,0.0,Raglan
2021-10-01 00:00:00+00:00,0.0,Raglan
2021-11-01 00:00:00+00:00,0.0,Raglan
2021-12-01 00:00:00+00:00,0.37709677419354837,Raglan
2022-01-01 00:00:00+00:00,1.4164516129032256,Raglan
2022-02-01 00:00:00+00:00,4.996785714285714,Raglan
2022-03-01 00:00:00+00:00,9.646774193548387,Raglan
2022-04-01 00:00:00+00:00,9.136,Raglan
2022-05-01 00:00:00+00:00,4.300000000000001,Raglan
2022-06-01 00:00:00+00:00,0.14500000000000002,Raglan
2022-07-01 00:00:00+00:00,0.0,Raglan
2022-08-01 00:00:00+00:00,0.0,Raglan
2022-09-01 00:00:00+00:00,0.0,Raglan
2022-10-01 00:00:00+00:00,0.0,Raglan
2022-11-01 00:00:00+00:00,0.0,Raglan
2022-12-01 00:00:00+00:00,0.09129032258064516,Raglan
2023-01-01 00:00:00+00:00,0.76,Raglan
2023-02-01 00:00:00+00:00,1.4710714285714288,Raglan
2023-03-01 00:00:00+00:00,1.3548387096774193,Raglan
2023-04-01 00:00:00+00:00,0.8066666666666666,Raglan
2023-05-01 00:00:00+00:00,0.004838709677419355,Raglan
2023-06-01 00:00:00+00:00,0.0,Raglan
2023-07-01 00:00:00+00:00,0.0,Raglan
2023-08-01 00:00:00+00:00,0.0,Raglan
2023-09-01 00:00:00+00:00,0.0,Raglan
2023-10-01 00:00:00+00:00,0.0,Raglan
2023-11-01 00:00:00+00:00,0.0,Raglan
2023-12-01 00:00:00+00:00,0.0,Raglan
2024-01-01 00:00:00+00:00,1.508,Raglan
2024-02-01 00:00:00+00:00,4.12,Raglan
2024-03-01 00:00:00+00:00,4.12,Raglan
2024-04-01 00:00:00+00:00,1.6520000000000001,Raglan
2024-05-01 00:00:00+00:00,0.0,Raglan
2024-06-01 00:00:00+00:00,0.0,Raglan
2024-07-01 00:00:00+00:00,0.0,Raglan
2024-08-01 00:00:00+00:00,0.0,Raglan
2024-09-01 00:00:00+00:00,0.0,Raglan
2024-10-01 00:00:00+00:00,0.0,Raglan
2024-11-01 00:00:00+00:00,0.0,Raglan
2024-12-01 00:00:00+00:00,0.0,Raglan
2019-01-01 00:00:00+00:00,0.0,Puerto Escondido
2019-02-01 00:00:00+00:00,0.0,Puerto Escondido
2019-03-01 00:00:00+00:00,0.0,Puerto Escondido
2019-04-01 00:00:00+00:00,0.0,Puerto Escondido
2019-05-01 00:00:00+00:00,0.0,Puerto Escondido
2019-06-01 00:00:00+00:00,0.2803333333333333,Puerto Escondido
2019-07-01 00:00:00+00:00,0.8374193548387097,Puerto Escondido
2019-08-01 00:00:00+00:00,3.955806451612903,Puerto Escondido
2019-09-01 00:00:00+00:00,4.963333333333334,Puerto Escondido
2019-10-01 00:00:00+00:00,4.124193548387097,Puerto Escondido
2019-11-01 00:00:00+00:00,0.8676666666666667,Puerto Escondido
2019-12-01 00:00:00+00:00,0.06548387096774193,Puerto Escondido
2020-01-01 00:00:00+00:00,0.0,Puerto Escondido
2020-02-01 00:00:00+00:00,0.0,Puerto Escondido
2020-03-01 00:00:00+00:00,0.0,Puerto Escondido
2020-04-01 00:00:00+00:00,0.0,Puerto Escondido
2020-05-01 00:00:00+00:00,0.0,Puerto Escondido
2020-06-01 00:00:00+00:00,0.0,Puerto Escondido
2020-07-01 00:00:00+00:00,0.0,Puerto Escondido
2020-08-01 00:00:00+00:00,0.0,Puerto Escondido
2020-09-01 00:00:00+00:00,0.0,Puerto Escondido
2020-10-01 00:00:00+00:00,0.0,Puerto Escondido
2020-11-01 00:00:00+00:00,0.0,Puerto Escondido
2020-12-01 00:00:00+00:00,0.0,Puerto Escondido
2021-01-01 00:00:00+00:00,0.0,Puerto Escondido
2021-02-01 00:00:00+00:00,0.0,Puerto Escondido
2021-03-01 00:00:00+00:00,0.0,Puerto Escondido
2021-04-01 00:00:00+00:00,0.0,Puerto Escondido
2021-05-01 00:00:00+00:00,0.0,Puerto Escondido
2021-06-01 00:00:00+00:00,0.0,Puerto Escondido
2021-07-01 00:00:00+00:00,0.0,Puerto Escondido
2021-08-01 00:00:00+00:00,0.0,Puerto Escondido
2021-09-01 00:00:00+00:00,0.0,Puerto Escondido
2021-10-01 00:00:00+00:00,0.0,Puerto Escondido
2021-11-01 00:00:00+00:00,0.0,Puerto Escondido
2021-12-01 00:00:00+00:00,0.0,Puerto Escondido
2022-01-01 00:00:00+00:00,0.0,Puerto Escondido
2022-02-01 00:00:00+00:00,0.0,Puerto Escondido
2022-03-01 00:00:00+00:00,0.0,Puerto Escondido
2022-04-01 00:00:00+00:00,0.0,Puerto Escondido
2022-05-01 00:00:00+00:00,0.0,Puerto Escondido
2022-06-01 00:00:00+00:00,0.0,Puerto Escondido
2022-07-01 00:00:00+00:00,0.0,Puerto Escondido
2022-08-01 00:00:00+00:00,0.0,Puerto Escondido
2022-09-01 00:00:00+00:00,0.0,Puerto Escondido
2022-10-01 00:00:00+00:00,0.0,Puerto Escondido
2022-11-01 00:00:00+00:00,0.0,Puerto Escondido
2022-12-01 00:00:00+00:00,0.0,Puerto Escondido
2023-01-01 00:00:00+00:00,0.0,Puerto Escondido
2023-02-01 00:00:00+00:00,0.0,Puerto Escondido
2023-03-01 00:00:00+00:00,0.0,Puerto Escondido
2023-04-01 00:00:00+00:00,0.0,Puerto Escondido
2023-05-01 00:00:00+00:00,0.005161290322580645,Puerto Escondido
2023-06-01 00:00:00+00:00,2.5603333333333333,Puerto Escondido
2023-07-01 00:00:00+00:00,7.74483870967742,Puerto Escondido
2023-08-01 00:00:00+00:00,13.199677419354838,Puerto Escondido
2023-09-01 00:00:00+00:00,12.143666666666666,Puerto Escondido
2023-10-01 00:00:00+00:00,9.817096774193548,Puerto Escondido
2023-11-01 00:00:00+00:00,5.1033333333333335,Puerto Escondido
2023-12-01 00:00:00+00:00,2.242903225806452,Puerto Escondido
2024-01-01 00:00:00+00:00,0.45,Puerto Escondido
2024-02-01 00:00:00+00:00,0.09275862068965517,Puerto Escondido
2024-03-01 00:00:00+00:00,0.0,Puerto Escondido
2024-04-01 00:00:00+00:00,0.0,Puerto Escondido
2024-05-01 00:00:00+00:00,0.03161290322580645,Puerto Escondido
2024-06-01 00:00:00+00:00,2.212666666666667,Puerto Escondido
2024-07-01 00:00:00+00:00,3.196296296296296,Puerto Escondido
2024-08-01 00:00:00+00:00,5.064838709677419,Puerto Escondido
2024-09-01 00:00:00+00:00,5.804666666666667,Puerto Escondido
2024-10-01 00:00:00+00:00,5.76741935483871,Puerto Escondido
2024-11-01 00:00:00+00:00,3.439,Puerto Escondido
2024-12-01 00:00:00+00:00,0.6125806451612903,Puerto Escondido
2019-01-01 00:00:00+00:00,0.6551612903225806,"Restaurants, Tavarua"
2019-02-01 00:00:00+00:00,4.061071428571429,"Restaurants, Tavarua"
2019-03-01 00:00:00+00:00,8.783225806451615,"Restaurants, Tavarua"
2019-04-01 00:00:00+00:00,9.588333333333333,"Restaurants, Tavarua"
2019-05-01 00:00:00+00:00,5.4396774193548385,"Restaurants, Tavarua"
2019-06-01 00:00:00+00:00,0.9553333333333334,"Restaurants, Tavarua"
2019-07-01 00:00:00+00:00,0.0,"Restaurants, Tavarua"
2019-08-01 00:00:00+00:00,0.0,"Restaurants, Tavarua"
2019-09-01 00:00:00+00:00,0.0,"Restaurants, Tavarua"
2019-10-01 00:00:00+00:00,0.0,"Restaurants, Tavarua"
2019-11-01 00:00:00+00:00,0.0,"Restaurants, Tavarua"
2019-12-01 00:00:00+00:00,0.0,"Restaurants, Tavarua"
2020-01-01 00:00:00+00:00,0.0,"Restaurants, Tavarua"
2020-02-01 00:00:00+00:00,1.279310344827586,"Restaurants, Tavarua"
2020-03-01 00:00:00+00:00,3.6309677419354838,"Restaurants, Tavarua"
2020-04-01 00:00:00+00:00,3.82,"Restaurants, Tavarua"
2020-05-01 00:00:00+00:00,1.8193548387096774,"Restaurants, Tavarua"
2020-06-01 00:00:00+00:00,0.005333333333333333,"Restaurants, Tavarua"
2020-07-01 00:00:00+00:00,0.0,"Restaurants, Tavarua"
2020-08-01 00:00:00+00:00,0.0,"Restaurants, Tavarua"
2020-09-01 00:00:00+00:00,0.0,"Restaurants, Tavarua"
2020-10-01 00:00:00+00:00,0.0,"Restaurants, Tavarua"
2020-11-01 00:00:00+00:00,0.0,"Restaurants, Tavarua"
2020-12-01 00:00:00+00:00,0.0,"Restaurants, Tavarua"
2021-01-01 00:00:00+00:00,0.23806451612903226,"Restaurants, Tavarua"
2021-02-01 00:00:00+00:00,0.64,"Restaurants, Tavarua"
2021-03-01 00:00:00+00:00,0.64,"Restaurants, Tavarua"
2021-04-01 00:00:00+00:00,0.287,"Restaurants, Tavarua"
2021-05-01 00:00:00+00:00,0.0,"Restaurants, Tavarua"
2021-06-01 00:00:00+00:00,0.0,"Restaurants, Tavarua"
2021-07-01 00:00:00+00:00,0.0,"Restaurants, Tavarua"
2021-08-01 00:00:00+00:00,0.0,"Restaurants, Tavarua"
2021-09-01 00:00:00+00:00,0.0,"Restaurants, Tavarua"
2021-10-01 00:00:00+00:00,0.0,"Restaurants, Tavarua"
2021-11-01 00:00:00+00:00,0.0,"Restaurants, Tavarua"
2021-12-01 00:00:00+00:00,0.0,"Restaurants, Tavarua"
2022-01-01 00:00:00+00:00,0.1803225806451613,"Restaurants, Tavarua"
2022-02-01 00:00:00+00:00,1.3403571428571428,"Restaurants, Tavarua"
2022-03-01 00:00:00+00:00,3.69,"Restaurants, Tavarua"
2022-04-01 00:00:00+00:00,4.419666666666667,"Restaurants, Tavarua"
2022-05-01 00:00:00+00:00,3.1538709677419354,"Restaurants, Tavarua"
2022-06-01 00:00:00+00:00,0.538,"Restaurants, Tavarua"
2022-07-01 00:00:00+00:00,0.0,"Restaurants, Tavarua"
2022-08-01 00:00:00+00:00,0.0,"Restaurants, Tavarua"
2022-09-01 00:00:00+00:00,0.0,"Restaurants, Tavarua"
2022-10-01 00:00:00+00:00,0.0,"Restaurants, Tavarua"
2022-11-01 00:00:00+00:00,0.0,"Restaurants, Tavarua"
2022-12-01 00:00:00+00:00,1.3419354838709678,"Restaurants, Tavarua"
2023-01-01 00:00:00+00:00,1.9451612903225806,"Restaurants, Tavarua"
2023-02-01 00:00:00+00:00,3.711785714285714,"Restaurants, Tavarua"
2023-03-01 00:00:00+00:00,2.2664516129032255,"Restaurants, Tavarua"
2023-04-01 00:00:00+00:00,3.0693333333333332,"Restaurants, Tavarua"
2023-05-01 00:00:00+00:00,1.6996774193548387,"Restaurants, Tavarua"
2023-06-01 00:00:00+00:00,1.486,"Restaurants, Tavarua"
2023-07-01 00:00:00+00:00,0.16,"Restaurants, Tavarua"
2023-08-01 00:00:00+00:00,0.0,"Restaurants, Tavarua"
2023-09-01 00:00:00+00:00,0.0,"Restaurants, Tavarua"
2023-10-01 00:00:00+00:00,0.0,"Restaurants, Tavarua"
2023-11-01 00:00:00+00:00,0.0,"Restaurants, Tavarua"
2023-12-01 00:00:00+00:00,0.0,"Restaurants, Tavarua"
2024-01-01 00:00:00+00:00,1.1606666666666667,"Restaurants, Tavarua"
2024-02-01 00:00:00+00:00,4.065862068965517,"Restaurants, Tavarua"
2024-03-01 00:00:00+00:00,7.726451612903225,"Restaurants, Tavarua"
2024-04-01 00:00:00+00:00,6.522333333333333,"Restaurants, Tavarua"
2024-05-01 00:00:00+00:00,3.456774193548387,"Restaurants, Tavarua"
2024-06-01 00:00:00+00:00,0.35133333333333333,"Restaurants, Tavarua"
2024-07-01 00:00:00+00:00,0.1722222222222222,"Restaurants, Tavarua"
2024-08-01 00:00:00+00:00,0.0,"Restaurants, Tavarua"
2024-09-01 00:00:00+00:00,0.0,"Restaurants, Tavarua"
2024-10-01 00:00:00+00:00,0.0,"Restaurants, Tavarua"
2024-11-01 00:00:00+00:00,0.0,"Restaurants, Tavarua"
2024-12-01 00:00:00+00:00,0.1629032258064516,"Restaurants, Tavarua"
2019-01-01 00:00:00+00:00,,Secret (Nias)
2019-02-01 00:00:00+00:00,,Secret (Nias)
2019-03-01 00:00:00+00:00,,Secret (Nias)
2019-04-01 00:00:00+00:00,,Secret (Nias)
2019-05-01 00:00:00+00:00,,Secret (Nias)
2019-06-01 00:00:00+00:00,,Secret (Nias)
2019-07-01 00:00:00+00:00,,Secret (Nias)
2019-08-01 00:00:00+00:00,,Secret (Nias)
2019-09-01 00:00:00+00:00,,Secret (Nias)
2019-10-01 00:00:00+00:00,,Secret (Nias)
2019-11-01 00:00:00+00:00,,Secret (Nias)
2019-12-01 00:00:00+00:00,,Secret (Nias)
2020-01-01 00:00:00+00:00,,Secret (Nias)
2020-02-01 00:00:00+00:00,,Secret (Nias)
2020-03-01 00:00:00+00:00,,Secret (Nias)
2020-04-01 00:00:00+00:00,,Secret (Nias)
2020-05-01 00:00:00+00:00,,Secret (Nias)
2020-06-01 00:00:00+00:00,,Secret (Nias)
2020-07-01 00:00:00+00:00,,Secret (Nias)
2020-08-01 00:00:00+00:00,,Secret (Nias)
2020-09-01 00:00:00+00:00,,Secret (Nias)
2020-10-01 00:00:00+00:00,,Secret (Nias)
2020-11-01 00:00:00+00:00,,Secret (Nias)
2020-12-01 00:00:00+00:00,,Secret (Nias)
2021-01-01 00:00:00+00:00,,Secret (Nias)
2021-02-01 00:00:00+00:00,,Secret (Nias)
2021-03-01 00:00:00+00:00,,Secret (Nias)
2021-04-01 00:00:00+00:00,,Secret (Nias)
2021-05-01 00:00:00+00:00,,Secret (Nias)
2021-06-01 00:00:00+00:00,,Secret (Nias)
2021-07-01 00:00:00+00:00,,Secret (Nias)
2021-08-01 00:00:00+00:00,,Secret (Nias)
2021-09-01 00:00:00+00:00,,Secret (Nias)
2021-10-01 00:00:00+00:00,,Secret (Nias)
2021-11-01 00:00:00+00:00,,Secret (Nias)
2021-12-01 00:00:00+00:00,,Secret (Nias)
2022-01-01 00:00:00+00:00,,Secret (Nias)
2022-02-01 00:00:00+00:00,,Secret (Nias)
2022-03-01 00:00:00+00:00,,Secret (Nias)
2022-04-01 00:00:00+00:00,,Secret (Nias)
2022-05-01 00:00:00+00:00,,Secret (Nias)
2022-06-01 00:00:00+00:00,,Secret (Nias)
2022-07-01 00:00:00+00:00,,Secret (Nias)
2022-08-01 00:00:00+00:00,,Secret (Nias)
2022-09-01 00:00:00+00:00,,Secret (Nias)
2022-10-01 00:00:00+00:00,,Secret (Nias)
2022-11-01 00:00:00+00:00,,Secret (Nias)
2022-12-01 00:00:00+00:00,,Secret (Nias)
2023-01-01 00:00:00+00:00,,Secret (Nias)
2023-02-01 00:00:00+00:00,,Secret (Nias)
2023-03-01 00:00:00+00:00,,Secret (Nias)
2023-04-01 00:00:00+00:00,,Secret (Nias)
2023-05-01 00:00:00+00:00,,Secret (Nias)
2023-06-01 00:00:00+00:00,,Secret (Nias)
2023-07-01 00:00:00+00:00,,Secret (Nias)
2023-08-01 00:00:00+00:00,,Secret (Nias)
2023-09-01 00:00:00+00:00,,Secret (Nias)
2023-10-01 00:00:00+00:00,,Secret (Nias)
2023-11-01 00:00:00+00:00,,Secret (Nias)
2023-12-01 00:00:00+00:00,,Secret (Nias)
2024-01-01 00:00:00+00:00,,Secret (Nias)
2024-02-01 00:00:00+00:00,,Secret (Nias)
2024-03-01 00:00:00+00:00,,Secret (Nias)
2024-04-01 00:00:00+00:00,,Secret (Nias)
2024-05-01 00:00:00+00:00,,Secret (Nias)
2024-06-01 00:00:00+00:00,,Secret (Nias)
2024-07-01 00:00:00+00:00,,Secret (Nias)
2024-08-01 00:00:00+00:00,,Secret (Nias)
2024-09-01 00:00:00+00:00,,Secret (Nias)
2024-10-01 00:00:00+00:00,,Secret (Nias)
2024-11-01 00:00:00+00:00,,Secret (Nias)
2024-12-01 00:00:00+00:00,,Secret (Nias)
2019-01-01 00:00:00+00:00,0.0,Kirra
2019-02-01 00:00:00+00:00,0.0,Kirra
2019-03-01 00:00:00+00:00,0.0,Kirra
2019-04-01 00:00:00+00:00,0.0,Kirra
2019-05-01 00:00:00+00:00,0.0,Kirra
2019-06-01 00:00:00+00:00,0.0,Kirra
2019-07-01 00:00:00+00:00,0.0,Kirra
2019-08-01 00:00:00+00:00,0.0,Kirra
2019-09-01 00:00:00+00:00,0.0,Kirra
2019-10-01 00:00:00+00:00,0.0,Kirra
2019-11-01 00:00:00+00:00,0.0,Kirra
2019-12-01 00:00:00+00:00,0.0,Kirra
2020-01-01 00:00:00+00:00,0.0,Kirra
2020-02-01 00:00:00+00:00,0.4875862068965517,Kirra
2020-03-01 00:00:00+00:00,2.7467741935483874,Kirra
2020-04-01 00:00:00+00:00,2.87,Kirra
2020-05-01 00:00:00+00:00,1.7974193548387096,Kirra
2020-06-01 00:00:00+00:00,0.0,Kirra
2020-07-01 00:00:00+00:00,0.0,Kirra
2020-08-01 00:00:00+00:00,0.0,Kirra
2020-09-01 00:00:00+00:00,0.0,Kirra
2020-10-01 00:00:00+00:00,0.0,Kirra
2020-11-01 00:00:00+00:00,0.0,Kirra
2020-12-01 00:00:00+00:00,0.0,Kirra
2021-01-01 00:00:00+00:00,0.0,Kirra
2021-02-01 00:00:00+00:00,0.0,Kirra
2021-03-01 00:00:00+00:00,0.0,Kirra
2021-04-01 00:00:00+00:00,0.0,Kirra
2021-05-01 00:00:00+00:00,0.0,Kirra
2021-06-01 00:00:00+00:00,0.0,Kirra
2021-07-01 00:00:00+00:00,0.0,Kirra
2021-08-01 00:00:00+00:00,0.0,Kirra
2021-09-01 00:00:00+00:00,0.0,Kirra
2021-10-01 00:00:00+00:00,0.0,Kirra
2021-11-01 00:00:00+00:00,0.0,Kirra
2021-12-01 00:00:00+00:00,0.0,Kirra
2022-01-01 00:00:00+00:00,0.0,Kirra
2022-02-01 00:00:00+00:00,0.4832142857142857,Kirra
2022-03-01 00:00:00+00:00,0.5,Kirra
2022-04-01 00:00:00+00:00,0.43233333333333335,Kirra
2022-05-01 00:00:00+00:00,0.0,Kirra
2022-06-01 00:00:00+00:00,0.0,Kirra
2022-07-01 00:00:00+00:00,0.0,Kirra
2022-08-01 00:00:00+00:00,0.0,Kirra
2022-09-01 00:00:00+00:00,0.0,Kirra
2022-10-01 00:00:00+00:00,0.0,Kirra
2022-11-01 00:00:00+00:00,0.0,Kirra
2022-12-01 00:00:00+00:00,0.0,Kirra
2023-01-01 00:00:00+00:00,0.0,Kirra
2023-02-01 00:00:00+00:00,0.0,Kirra
2023-03-01 00:00:00+00:00,0.0,Kirra
2023-04-01 00:00:00+00:00,0.0,Kirra
2023-05-01 00:00:00+00:00,0.0,Kirra
2023-06-01 00:00:00+00:00,0.0,Kirra
2023-07-01 00:00:00+00:00,0.0,Kirra
2023-08-01 00:00:00+00:00,0.0,Kirra
2023-09-01 00:00:00+00:00,0.0,Kirra
2023-10-01 00:00:00+00:00,0.0,Kirra
2023-11-01 00:00:00+00:00,0.0,Kirra
2023-12-01 00:00:00+00:00,0.0,Kirra
2024-01-01 00:00:00+00:00,0.05333333333333334,Kirra
2024-02-01 00:00:00+00:00,1.8117241379310345,Kirra
2024-03-01 00:00:00+00:00,5.823225806451613,Kirra
2024-04-01 00:00:00+00:00,5.893666666666666,Kirra
2024-05-01 00:00:00+00:00,2.9525806451612904,Kirra
2024-06-01 00:00:00+00:00,0.0,Kirra
2024-07-01 00:00:00+00:00,0.0,Kirra
2024-08-01 00:00:00+00:00,0.0,Kirra
2024-09-01 00:00:00+00:00,0.0,Kirra
2024-10-01 00:00:00+00:00,0.0,Kirra
2024-11-01 00:00:00+00:00,0.0,Kirra
2024-12-01 00:00:00+00:00,0.0,Kirra
2019-01-01 00:00:00+00:00,0.0,Kaunakakai (The Wharf)
2019-02-01 00:00:00+00:00,0.0,Kaunakakai (The Wharf)
2019-03-01 00:00:00+00:00,0.0,Kaunakakai (The Wharf)
2019-04-01 00:00:00+00:00,0.0,Kaunakakai (The Wharf)
2019-05-01 00:00:00+00:00,0.0,Kaunakakai (The Wharf)
2019-06-01 00:00:00+00:00,0.0,Kaunakakai (The Wharf)
2019-07-01 00:00:00+00:00,0.0,Kaunakakai (The Wharf)
2019-08-01 00:00:00+00:00,0.0,Kaunakakai (The Wharf)
2019-09-01 00:00:00+00:00,0.3046666666666667,Kaunakakai (The Wharf)
2019-10-01 00:00:00+00:00,0.9,Kaunakakai (The Wharf)
2019-11-01 00:00:00+00:00,0.865,Kaunakakai (The Wharf)
2019-12-01 00:00:00+00:00,0.40483870967741936,Kaunakakai (The Wharf)
2020-01-01 00:00:00+00:00,0.0,Kaunakakai (The Wharf)
2020-02-01 00:00:00+00:00,0.0,Kaunakakai (The Wharf)
2020-03-01 00:00:00+00:00,0.0,Kaunakakai (The Wharf)
2020-04-01 00:00:00+00:00,0.0,Kaunakakai (The Wharf)
2020-05-01 00:00:00+00:00,0.0,Kaunakakai (The Wharf)
2020-06-01 00:00:00+00:00,0.0,Kaunakakai (The Wharf)
2020-07-01 00:00:00+00:00,0.0,Kaunakakai (The Wharf)
2020-08-01 00:00:00+00:00,0.0,Kaunakakai (The Wharf)
2020-09-01 00:00:00+00:00,0.0,Kaunakakai (The Wharf)
2020-10-01 00:00:00+00:00,0.0,Kaunakakai (The Wharf)
2020-11-01 00:00:00+00:00,0.0,Kaunakakai (The Wharf)
2020-12-01 00:00:00+00:00,0.0,Kaunakakai (The Wharf)
2021-01-01 00:00:00+00:00,0.0,Kaunakakai (The Wharf)
2021-02-01 00:00:00+00:00,0.0,Kaunakakai (The Wharf)
2021-03-01 00:00:00+00:00,0.0,Kaunakakai (The Wharf)
2021-04-01 00:00:00+00:00,0.0,Kaunakakai (The Wharf)
2021-05-01 00:00:00+00:00,0.0,Kaunakakai (The Wharf)
2021-06-01 00:00:00+00:00,0.0,Kaunakakai (The Wharf)
2021-07-01 00:00:00+00:00,0.0,Kaunakakai (The Wharf)
2021-08-01 00:00:00+00:00,0.0,Kaunakakai (The Wharf)
2021-09-01 00:00:00+00:00,0.0,Kaunakakai (The Wharf)
2021-10-01 00:00:00+00:00,0.0,Kaunakakai (The Wharf)
2021-11-01 00:00:00+00:00,0.0,Kaunakakai (The Wharf)
2021-12-01 00:00:00+00:00,0.0,Kaunakakai (The Wharf)
2022-01-01 00:00:00+00:00,0.0,Kaunakakai (The Wharf)
2022-02-01 00:00:00+00:00,0.0,Kaunakakai (The Wharf)
2022-03-01 00:00:00+00:00,0.0,Kaunakakai (The Wharf)
2022-04-01 00:00:00+00:00,0.0,Kaunakakai (The Wharf)
2022-05-01 00:00:00+00:00,0.0,Kaunakakai (The Wharf)
2022-06-01 00:00:00+00:00,0.0,Kaunakakai (The Wharf)
2022-07-01 00:00:00+00:00,0.0,Kaunakakai (The Wharf)
2022-08-01 00:00:00+00:00,0.0,Kaunakakai (The Wharf)
2022-09-01 00:00:00+00:00,0.0,Kaunakakai (The Wharf)
2022-10-01 00:00:00+00:00,0.0,Kaunakakai (The Wharf)
2022-11-01 00:00:00+00:00,0.0,Kaunakakai (The Wharf)
2022-12-01 00:00:00+00:00,0.0,Kaunakakai (The Wharf)
2023-01-01 00:00:00+00:00,0.0,Kaunakakai (The Wharf)
2023-02-01 00:00:00+00:00,0.0,Kaunakakai (The Wharf)
2023-03-01 00:00:00+00:00,0.0,Kaunakakai (The Wharf)
2023-04-01 00:00:00+00:00,0.0,Kaunakakai (The Wharf)
2023-05-01 00:00:00+00:00,0.0,Kaunakakai (The Wharf)
2023-06-01 00:00:00+00:00,0.0,Kaunakakai (The Wharf)
2023-07-01 00:00:00+00:00,0.0,Kaunakakai (The Wharf)
2023-08-01 00:00:00+00:00,0.0,Kaunakakai (The Wharf)
2023-09-01 00:00:00+00:00,0.0,Kaunakakai (The Wharf)
2023-10-01 00:00:00+00:00,0.0,Kaunakakai (The Wharf)
2023-11-01 00:00:00+00:00,0.0,Kaunakakai (The Wharf)
2023-12-01 00:00:00+00:00,0.0,Kaunakakai (The Wharf)
2024-01-01 00:00:00+00:00,0.0,Kaunakakai (The Wharf)
2024-02-01 00:00:00+00:00,0.0,Kaunakakai (The Wharf)
2024-03-01 00:00:00+00:00,0.0,Kaunakakai (The Wharf)
2024-04-01 00:00:00+00:00,0.0,Kaunakakai (The Wharf)
2024-05-01 00:00:00+00:00,0.0,Kaunakakai (The Wharf)
2024-06-01 00:00:00+00:00,0.0,Kaunakakai (The Wharf)
2024-07-01 00:00:00+00:00,0.0,Kaunakakai (The Wharf)
2024-08-01 00:00:00+00:00,0.0,Kaunakakai (The Wharf)
2024-09-01 00:00:00+00:00,0.0,Kaunakakai (The Wharf)
2024-10-01 00:00:00+00:00,0.0,Kaunakakai (The Wharf)
2024-11-01 00:00:00+00:00,0.0,Kaunakakai (The Wharf)
2024-12-01 00:00:00+00:00,0.0,Kaunakakai (The Wharf)
2019-01-01 00:00:00+00:00,1.7193548387096773,Chinamans
2019-02-01 00:00:00+00:00,7.2700000000000005,Chinamans
2019-03-01 00:00:00+00:00,10.108709677419355,Chinamans
2019-04-01 00:00:00+00:00,7.478666666666667,Chinamans
2019-05-01 00:00:00+00:00,2.0374193548387094,Chinamans
2019-06-01 00:00:00+00:00,0.0,Chinamans
2019-07-01 00:00:00+00:00,0.0,Chinamans
2019-08-01 00:00:00+00:00,0.0,Chinamans
2019-09-01 00:00:00+00:00,0.0,Chinamans
2019-10-01 00:00:00+00:00,0.0,Chinamans
2019-11-01 00:00:00+00:00,0.0,Chinamans
2019-12-01 00:00:00+00:00,0.07903225806451614,Chinamans
2020-01-01 00:00:00+00:00,0.6125806451612904,Chinamans
2020-02-01 00:00:00+00:00,2.483103448275862,Chinamans
2020-03-01 00:00:00+00:00,2.765483870967742,Chinamans
2020-04-01 00:00:00+00:00,2.042333333333333,Chinamans
2020-05-01 00:00:00+00:00,0.17387096774193547,Chinamans
2020-06-01 00:00:00+00:00,0.0,Chinamans
2020-07-01 00:00:00+00:00,0.0,Chinamans
2020-08-01 00:00:00+00:00,0.0,Chinamans
2020-09-01 00:00:00+00:00,0.0,Chinamans
2020-10-01 00:00:00+00:00,0.0,Chinamans
2020-11-01 00:00:00+00:00,0.0,Chinamans
2020-12-01 00:00:00+00:00,0.0,Chinamans
2021-01-01 00:00:00+00:00,0.08580645161290323,Chinamans
2021-02-01 00:00:00+00:00,0.5714285714285714,Chinamans
2021-03-01 00:00:00+00:00,0.76,Chinamans
2021-04-01 00:00:00+00:00,0.5986666666666667,Chinamans
2021-05-01 00:00:00+00:00,0.11903225806451613,Chinamans
2021-06-01 00:00:00+00:00,0.0,Chinamans
2021-07-01 00:00:00+00:00,0.0,Chinamans
2021-08-01 00:00:00+00:00,0.0,Chinamans
2021-09-01 00:00:00+00:00,0.0,Chinamans
2021-10-01 00:00:00+00:00,0.0,Chinamans
2021-11-01 00:00:00+00:00,0.0,Chinamans
2021-12-01 00:00:00+00:00,0.0,Chinamans
2022-01-01 00:00:00+00:00,0.15290322580645163,Chinamans
2022-02-01 00:00:00+00:00,1.085,Chinamans
2022-03-01 00:00:00+00:00,1.18,Chinamans
2022-04-01 00:00:00+00:00,0.8773333333333333,Chinamans
2022-05-01 00:00:00+00:00,0.03580645161290323,Chinamans
2022-06-01 00:00:00+00:00,0.0,Chinamans
2022-07-01 00:00:00+00:00,0.0,Chinamans
2022-08-01 00:00:00+00:00,0.0,Chinamans
2022-09-01 00:00:00+00:00,0.0,Chinamans
2022-10-01 00:00:00+00:00,0.0,Chinamans
2022-11-01 00:00:00+00:00,0.0,Chinamans
2022-12-01 00:00:00+00:00,0.0,Chinamans
2023-01-01 00:00:00+00:00,0.09806451612903226,Chinamans
2023-02-01 00:00:00+00:00,0.22535714285714287,Chinamans
2023-03-01 00:00:00+00:00,0.49,Chinamans
2023-04-01 00:00:00+00:00,0.362,Chinamans
2023-05-01 00:00:00+00:00,0.18580645161290324,Chinamans
2023-06-01 00:00:00+00:00,0.0,Chinamans
2023-07-01 00:00:00+00:00,0.0,Chinamans
2023-08-01 00:00:00+00:00,0.0,Chinamans
2023-09-01 00:00:00+00:00,0.0,Chinamans
2023-10-01 00:00:00+00:00,0.0,Chinamans
2023-11-01 00:00:00+00:00,0.0,Chinamans
2023-12-01 00:00:00+00:00,0.0,Chinamans
2024-01-01 00:00:00+00:00,0.0,Chinamans
2024-02-01 00:00:00+00:00,0.0,Chinamans
2024-03-01 00:00:00+00:00,0.40290322580645166,Chinamans
2024-04-01 00:00:00+00:00,0.5700000000000001,Chinamans
2024-05-01 00:00:00+00:00,0.5700000000000001,Chinamans
2024-06-01 00:00:00+00:00,0.020666666666666667,Chinamans
2024-07-01 00:00:00+00:00,0.0,Chinamans
2024-08-01 00:00:00+00:00,0.0,Chinamans
2024-09-01 00:00:00+00:00,0.0,Chinamans
2024-10-01 00:00:00+00:00,0.0,Chinamans
2024-11-01 00:00:00+00:00,0.0,Chinamans
2024-12-01 00:00:00+00:00,0.12741935483870967,Chinamans
2019-01-01 00:00:00+00:00,0.0,Unstad Beach
2019-02-01 00:00:00+00:00,0.0,Unstad Beach
2019-03-01 00:00:00+00:00,0.0,Unstad Beach
2019-04-01 00:00:00+00:00,0.0,Unstad Beach
2019-05-01 00:00:00+00:00,0.0,Unstad Beach
2019-06-01 00:00:00+00:00,0.0,Unstad Beach
2019-07-01 00:00:00+00:00,0.0,Unstad Beach
2019-08-01 00:00:00+00:00,0.16,Unstad Beach
2019-09-01 00:00:00+00:00,0.9843333333333334,Unstad Beach
2019-10-01 00:00:00+00:00,1.0,Unstad Beach
2019-11-01 00:00:00+00:00,0.6166666666666667,Unstad Beach
2019-12-01 00:00:00+00:00,0.0,Unstad Beach
2020-01-01 00:00:00+00:00,0.0,Unstad Beach
2020-02-01 00:00:00+00:00,0.0,Unstad Beach
2020-03-01 00:00:00+00:00,0.0,Unstad Beach
2020-04-01 00:00:00+00:00,0.0,Unstad Beach
2020-05-01 00:00:00+00:00,0.0,Unstad Beach
2020-06-01 00:00:00+00:00,0.0,Unstad Beach
2020-07-01 00:00:00+00:00,0.03516129032258065,Unstad Beach
2020-08-01 00:00:00+00:00,3.463870967741936,Unstad Beach
2020-09-01 00:00:00+00:00,4.44,Unstad Beach
2020-10-01 00:00:00+00:00,3.9880645161290325,Unstad Beach
2020-11-01 00:00:00+00:00,0.2546666666666667,Unstad Beach
2020-12-01 00:00:00+00:00,0.0,Unstad Beach
2021-01-01 00:00:00+00:00,0.0,Unstad Beach
2021-02-01 00:00:00+00:00,0.0,Unstad Beach
2021-03-01 00:00:00+00:00,0.0,Unstad Beach
2021-04-01 00:00:00+00:00,0.0,Unstad Beach
2021-05-01 00:00:00+00:00,0.0,Unstad Beach
2021-06-01 00:00:00+00:00,0.0,Unstad Beach
2021-07-01 00:00:00+00:00,0.0,Unstad Beach
2021-08-01 00:00:00+00:00,0.0,Unstad Beach
2021-09-01 00:00:00+00:00,0.0,Unstad Beach
2021-10-01 00:00:00+00:00,0.0,Unstad Beach
2021-11-01 00:00:00+00:00,0.0,Unstad Beach
2021-12-01 00:00:00+00:00,0.0,Unstad Beach
2022-01-01 00:00:00+00:00,0.0,Unstad Beach
2022-02-01 00:00:00+00:00,0.0,Unstad Beach
2022-03-01 00:00:00+00:00,0.0,Unstad Beach
2022-04-01 00:00:00+00:00,0.0,Unstad Beach
2022-05-01 00:00:00+00:00,0.0,Unstad Beach
2022-06-01 00:00:00+00:00,0.0,Unstad Beach
2022-07-01 00:00:00+00:00,0.0,Unstad Beach
2022-08-01 00:00:00+00:00,0.13096774193548388,Unstad Beach
2022-09-01 00:00:00+00:00,0.14,Unstad Beach
2022-10-01 00:00:00+00:00,0.11290322580645162,Unstad Beach
2022-11-01 00:00:00+00:00,0.0,Unstad Beach
2022-12-01 00:00:00+00:00,0.0,Unstad Beach
2023-01-01 00:00:00+00:00,0.0,Unstad Beach
2023-02-01 00:00:00+00:00,0.0,Unstad Beach
2023-03-01 00:00:00+00:00,0.0,Unstad Beach
2023-04-01 00:00:00+00:00,0.0,Unstad Beach
2023-05-01 00:00:00+00:00,0.0,Unstad Beach
2023-06-01 00:00:00+00:00,0.0,Unstad Beach
2023-07-01 00:00:00+00:00,0.0,Unstad Beach
2023-08-01 00:00:00+00:00,2.3,Unstad Beach
2023-09-01 00:00:00+00:00,4.604,Unstad Beach
2023-10-01 00:00:00+00:00,4.49,Unstad Beach
2023-11-01 00:00:00+00:00,1.3156666666666665,Unstad Beach
2023-12-01 00:00:00+00:00,0.0,Unstad Beach
2024-01-01 00:00:00+00:00,0.0,Unstad Beach
2024-02-01 00:00:00+00:00,0.0,Unstad Beach
2024-03-01 00:00:00+00:00,0.0,Unstad Beach
2024-04-01 00:00:00+00:00,0.0,Unstad Beach
2024-05-01 00:00:00+00:00,0.0,Unstad Beach
2024-06-01 00:00:00+00:00,0.0,Unstad Beach
2024-07-01 00:00:00+00:00,1.6892592592592592,Unstad Beach
2024-08-01 00:00:00+00:00,14.56516129032258,Unstad Beach
2024-09-01 00:00:00+00:00,20.711,Unstad Beach
2024-10-01 00:00:00+00:00,17.348387096774193,Unstad Beach
2024-11-01 00:00:00+00:00,3.55,Unstad Beach
2024-12-01 00:00:00+00:00,0.07967741935483871,Unstad Beach
2019-01-01 00:00:00+00:00,,Kuta Reef
2019-02-01 00:00:00+00:00,,Kuta Reef
2019-03-01 00:00:00+00:00,,Kuta Reef
2019-04-01 00:00:00+00:00,,Kuta Reef
2019-05-01 00:00:00+00:00,,Kuta Reef
2019-06-01 00:00:00+00:00,,Kuta Reef
2019-07-01 00:00:00+00:00,,Kuta Reef
2019-08-01 00:00:00+00:00,,Kuta Reef
2019-09-01 00:00:00+00:00,,Kuta Reef
2019-10-01 00:00:00+00:00,,Kuta Reef
2019-11-01 00:00:00+00:00,,Kuta Reef
2019-12-01 00:00:00+00:00,,Kuta Reef
2020-01-01 00:00:00+00:00,,Kuta Reef
2020-02-01 00:00:00+00:00,,Kuta Reef
2020-03-01 00:00:00+00:00,,Kuta Reef
2020-04-01 00:00:00+00:00,,Kuta Reef
2020-05-01 00:00:00+00:00,,Kuta Reef
2020-06-01 00:00:00+00:00,,Kuta Reef
2020-07-01 00:00:00+00:00,,Kuta Reef
2020-08-01 00:00:00+00:00,,Kuta Reef
2020-09-01 00:00:00+00:00,,Kuta Reef
2020-10-01 00:00:00+00:00,,Kuta Reef
2020-11-01 00:00:00+00:00,,Kuta Reef
2020-12-01 00:00:00+00:00,,Kuta Reef
2021-01-01 00:00:00+00:00,,Kuta Reef
2021-02-01 00:00:00+00:00,,Kuta Reef
2021-03-01 00:00:00+00:00,,Kuta Reef
2021-04-01 00:00:00+00:00,,Kuta Reef
2021-05-01 00:00:00+00:00,,Kuta Reef
2021-06-01 00:00:00+00:00,,Kuta Reef
2021-07-01 00:00:00+00:00,,Kuta Reef
2021-08-01 00:00:00+00:00,,Kuta Reef
2021-09-01 00:00:00+00:00,,Kuta Reef
2021-10-01 00:00:00+00:00,,Kuta Reef
2021-11-01 00:00:00+00:00,,Kuta Reef
2021-12-01 00:00:00+00:00,,Kuta Reef
2022-01-01 00:00:00+00:00,,Kuta Reef
2022-02-01 00:00:00+00:00,,Kuta Reef
2022-03-01 00:00:00+00:00,,Kuta Reef
2022-04-01 00:00:00+00:00,,Kuta Reef
2022-05-01 00:00:00+00:00,,Kuta Reef
2022-06-01 00:00:00+00:00,,Kuta Reef
2022-07-01 00:00:00+00:00,,Kuta Reef
2022-08-01 00:00:00+00:00,,Kuta Reef
2022-09-01 00:00:00+00:00,,Kuta Reef
2022-10-01 00:00:00+00:00,,Kuta Reef
2022-11-01 00:00:00+00:00,,Kuta Reef
2022-12-01 00:00:00+00:00,,Kuta Reef
2023-01-01 00:00:00+00:00,,Kuta Reef
2023-02-01 00:00:00+00:00,,Kuta Reef
2023-03-01 00:00:00+00:00,,Kuta Reef
2023-04-01 00:00:00+00:00,,Kuta Reef
2023-05-01 00:00:00+00:00,,Kuta Reef
2023-06-01 00:00:00+00:00,,Kuta Reef
2023-07-01 00:00:00+00:00,,Kuta Reef
2023-08-01 00:00:00+00:00,,Kuta Reef
2023-09-01 00:00:00+00:00,,Kuta Reef
2023-10-01 00:00:00+00:00,,Kuta Reef
2023-11-01 00:00:00+00:00,,Kuta Reef
2023-12-01 00:00:00+00:00,,Kuta Reef
2024-01-01 00:00:00+00:00,,Kuta Reef
2024-02-01 00:00:00+00:00,,Kuta Reef
2024-03-01 00:00:00+00:00,,Kuta Reef
2024-04-01 00:00:00+00:00,,Kuta Reef
2024-05-01 00:00:00+00:00,,Kuta Reef
2024-06-01 00:00:00+00:00,,Kuta Reef
2024-07-01 00:00:00+00:00,,Kuta Reef
2024-08-01 00:00:00+00:00,,Kuta Reef
2024-09-01 00:00:00+00:00,,Kuta Reef
2024-10-01 00:00:00+00:00,,Kuta Reef
2024-11-01 00:00:00+00:00,,Kuta Reef
2024-12-01 00:00:00+00:00,,Kuta Reef
2019-01-01 00:00:00+00:00,0.51,Namotu Left
2019-02-01 00:00:00+00:00,3.6257142857142854,Namotu Left
2019-03-01 00:00:00+00:00,8.345161290322581,Namotu Left
2019-04-01 00:00:00+00:00,9.319333333333333,Namotu Left
2019-05-01 00:00:00+00:00,5.456774193548387,Namotu Left
2019-06-01 00:00:00+00:00,0.9846666666666667,Namotu Left
2019-07-01 00:00:00+00:00,0.03387096774193549,Namotu Left
2019-08-01 00:00:00+00:00,0.0,Namotu Left
2019-09-01 00:00:00+00:00,0.0,Namotu Left
2019-10-01 00:00:00+00:00,0.0,Namotu Left
2019-11-01 00:00:00+00:00,0.0,Namotu Left
2019-12-01 00:00:00+00:00,0.0,Namotu Left
2020-01-01 00:00:00+00:00,0.0,Namotu Left
2020-02-01 00:00:00+00:00,1.233448275862069,Namotu Left
2020-03-01 00:00:00+00:00,3.386129032258065,Namotu Left
2020-04-01 00:00:00+00:00,3.5700000000000003,Namotu Left
2020-05-01 00:00:00+00:00,1.6716129032258065,Namotu Left
2020-06-01 00:00:00+00:00,0.005333333333333333,Namotu Left
2020-07-01 00:00:00+00:00,0.0,Namotu Left
2020-08-01 00:00:00+00:00,0.0,Namotu Left
2020-09-01 00:00:00+00:00,0.0,Namotu Left
2020-10-01 00:00:00+00:00,0.0,Namotu Left
2020-11-01 00:00:00+00:00,0.0,Namotu Left
2020-12-01 00:00:00+00:00,0.0,Namotu Left
2021-01-01 00:00:00+00:00,0.17806451612903226,Namotu Left
2021-02-01 00:00:00+00:00,0.46,Namotu Left
2021-03-01 00:00:00+00:00,0.46,Namotu Left
2021-04-01 00:00:00+00:00,0.19933333333333333,Namotu Left
2021-05-01 00:00:00+00:00,0.0,Namotu Left
2021-06-01 00:00:00+00:00,0.0,Namotu Left
2021-07-01 00:00:00+00:00,0.0,Namotu Left
2021-08-01 00:00:00+00:00,0.0,Namotu Left
2021-09-01 00:00:00+00:00,0.0,Namotu Left
2021-10-01 00:00:00+00:00,0.0,Namotu Left
2021-11-01 00:00:00+00:00,0.0,Namotu Left
2021-12-01 00:00:00+00:00,0.0,Namotu Left
2022-01-01 00:00:00+00:00,0.0532258064516129,Namotu Left
2022-02-01 00:00:00+00:00,0.5314285714285715,Namotu Left
2022-03-01 00:00:00+00:00,2.678064516129032,Namotu Left
2022-04-01 00:00:00+00:00,3.63,Namotu Left
2022-05-01 00:00:00+00:00,2.959032258064516,Namotu Left
2022-06-01 00:00:00+00:00,0.5233333333333333,Namotu Left
2022-07-01 00:00:00+00:00,0.0,Namotu Left
2022-08-01 00:00:00+00:00,0.0,Namotu Left
2022-09-01 00:00:00+00:00,0.0,Namotu Left
2022-10-01 00:00:00+00:00,0.0,Namotu Left
2022-11-01 00:00:00+00:00,0.0,Namotu Left
2022-12-01 00:00:00+00:00,1.1803225806451612,Namotu Left
2023-01-01 00:00:00+00:00,1.7654838709677418,Namotu Left
2023-02-01 00:00:00+00:00,3.439285714285714,Namotu Left
2023-03-01 00:00:00+00:00,2.0903225806451613,Namotu Left
2023-04-01 00:00:00+00:00,2.783666666666667,Namotu Left
2023-05-01 00:00:00+00:00,1.5351612903225809,Namotu Left
2023-06-01 00:00:00+00:00,1.3896666666666666,Namotu Left
2023-07-01 00:00:00+00:00,0.14193548387096774,Namotu Left
2023-08-01 00:00:00+00:00,0.0,Namotu Left
2023-09-01 00:00:00+00:00,0.0,Namotu Left
2023-10-01 00:00:00+00:00,0.0,Namotu Left
2023-11-01 00:00:00+00:00,0.0,Namotu Left
2023-12-01 00:00:00+00:00,0.0,Namotu Left
2024-01-01 00:00:00+00:00,1.1849999999999998,Namotu Left
2024-02-01 00:00:00+00:00,4.149655172413794,Namotu Left
2024-03-01 00:00:00+00:00,7.726129032258064,Namotu Left
2024-04-01 00:00:00+00:00,6.433000000000001,Namotu Left
2024-05-01 00:00:00+00:00,3.209032258064516,Namotu Left
2024-06-01 00:00:00+00:00,0.19833333333333333,Namotu Left
2024-07-01 00:00:00+00:00,0.09444444444444444,Namotu Left
2024-08-01 00:00:00+00:00,0.0,Namotu Left
2024-09-01 00:00:00+00:00,0.0,Namotu Left
2024-10-01 00:00:00+00:00,0.0,Namotu Left
2024-11-01 00:00:00+00:00,0.0,Namotu Left
2024-12-01 00:00:00+00:00,0.10161290322580645,Namotu Left
2019-01-01 00:00:00+00:00,0.51,"Wilkes Pass, Namotu"
2019-02-01 00:00:00+00:00,3.6257142857142854,"Wilkes Pass, Namotu"
2019-03-01 00:00:00+00:00,8.345161290322581,"Wilkes Pass, Namotu"
2019-04-01 00:00:00+00:00,9.319333333333333,"Wilkes Pass, Namotu"
2019-05-01 00:00:00+00:00,5.456774193548387,"Wilkes Pass, Namotu"
2019-06-01 00:00:00+00:00,0.9846666666666667,"Wilkes Pass, Namotu"
2019-07-01 00:00:00+00:00,0.03387096774193549,"Wilkes Pass, Namotu"
2019-08-01 00:00:00+00:00,0.0,"Wilkes Pass, Namotu"
2019-09-01 00:00:00+00:00,0.0,"Wilkes Pass, Namotu"
2019-10-01 00:00:00+00:00,0.0,"Wilkes Pass, Namotu"
2019-11-01 00:00:00+00:00,0.0,"Wilkes Pass, Namotu"
2019-12-01 00:00:00+00:00,0.0,"Wilkes Pass, Namotu"
2020-01-01 00:00:00+00:00,0.0,"Wilkes Pass, Namotu"
2020-02-01 00:00:00+00:00,1.233448275862069,"Wilkes Pass, Namotu"
2020-03-01 00:00:00+00:00,3.386129032258065,"Wilkes Pass, Namotu"
2020-04-01 00:00:00+00:00,3.5700000000000003,"Wilkes Pass, Namotu"
2020-05-01 00:00:00+00:00,1.6716129032258065,"Wilkes Pass, Namotu"
2020-06-01 00:00:00+00:00,0.005333333333333333,"Wilkes Pass, Namotu"
2020-07-01 00:00:00+00:00,0.0,"Wilkes Pass, Namotu"
2020-08-01 00:00:00+00:00,0.0,"Wilkes Pass, Namotu"
2020-09-01 00:00:00+00:00,0.0,"Wilkes Pass, Namotu"
2020-10-01 00:00:00+00:00,0.0,"Wilkes Pass, Namotu"
2020-11-01 00:00:00+00:00,0.0,"Wilkes Pass, Namotu"
2020-12-01 00:00:00+00:00,0.0,"Wilkes Pass, Namotu"
2021-01-01 00:00:00+00:00,0.17806451612903226,"Wilkes Pass, Namotu"
2021-02-01 00:00:00+00:00,0.46,"Wilkes Pass, Namotu"
2021-03-01 00:00:00+00:00,0.46,"Wilkes Pass, Namotu"
2021-04-01 00:00:00+00:00,0.19933333333333333,"Wilkes Pass, Namotu"
2021-05-01 00:00:00+00:00,0.0,"Wilkes Pass, Namotu"
2021-06-01 00:00:00+00:00,0.0,"Wilkes Pass, Namotu"
2021-07-01 00:00:00+00:00,0.0,"Wilkes Pass, Namotu"
2021-08-01 00:00:00+00:00,0.0,"Wilkes Pass, Namotu"
2021-09-01 00:00:00+00:00,0.0,"Wilkes Pass, Namotu"
2021-10-01 00:00:00+00:00,0.0,"Wilkes Pass, Namotu"
2021-11-01 00:00:00+00:00,0.0,"Wilkes Pass, Namotu"
2021-12-01 00:00:00+00:00,0.0,"Wilkes Pass, Namotu"
2022-01-01 00:00:00+00:00,0.0532258064516129,"Wilkes Pass, Namotu"
2022-02-01 00:00:00+00:00,0.5314285714285715,"Wilkes Pass, Namotu"
2022-03-01 00:00:00+00:00,2.678064516129032,"Wilkes Pass, Namotu"
2022-04-01 00:00:00+00:00,3.63,"Wilkes Pass, Namotu"
2022-05-01 00:00:00+00:00,2.959032258064516,"Wilkes Pass, Namotu"
2022-06-01 00:00:00+00:00,0.5233333333333333,"Wilkes Pass, Namotu"
2022-07-01 00:00:00+00:00,0.0,"Wilkes Pass, Namotu"
2022-08-01 00:00:00+00:00,0.0,"Wilkes Pass, Namotu"
2022-09-01 00:00:00+00:00,0.0,"Wilkes Pass, Namotu"
2022-10-01 00:00:00+00:00,0.0,"Wilkes Pass, Namotu"
2022-11-01 00:00:00+00:00,0.0,"Wilkes Pass, Namotu"
2022-12-01 00:00:00+00:00,1.1803225806451612,"Wilkes Pass, Namotu"
2023-01-01 00:00:00+00:00,1.7654838709677418,"Wilkes Pass, Namotu"
2023-02-01 00:00:00+00:00,3.439285714285714,"Wilkes Pass, Namotu"
2023-03-01 00:00:00+00:00,2.0903225806451613,"Wilkes Pass, Namotu"
2023-04-01 00:00:00+00:00,2.783666666666667,"Wilkes Pass, Namotu"
2023-05-01 00:00:00+00:00,1.5351612903225809,"Wilkes Pass, Namotu"
2023-06-01 00:00:00+00:00,1.3896666666666666,"Wilkes Pass, Namotu"
2023-07-01 00:00:00+00:00,0.14193548387096774,"Wilkes Pass, Namotu"
2023-08-01 00:00:00+00:00,0.0,"Wilkes Pass, Namotu"
2023-09-01 00:00:00+00:00,0.0,"Wilkes Pass, Namotu"
2023-10-01 00:00:00+00:00,0.0,"Wilkes Pass, Namotu"
2023-11-01 00:00:00+00:00,0.0,"Wilkes Pass, Namotu"
2023-12-01 00:00:00+00:00,0.0,"Wilkes Pass, Namotu"
2024-01-01 00:00:00+00:00,1.1849999999999998,"Wilkes Pass, Namotu"
2024-02-01 00:00:00+00:00,4.149655172413794,"Wilkes Pass, Namotu"
2024-03-01 00:00:00+00:00,7.726129032258064,"Wilkes Pass, Namotu"
2024-04-01 00:00:00+00:00,6.433000000000001,"Wilkes Pass, Namotu"
2024-05-01 00:00:00+00:00,3.209032258064516,"Wilkes Pass, Namotu"
2024-06-01 00:00:00+00:00,0.19833333333333333,"Wilkes Pass, Namotu"
2024-07-01 00:00:00+00:00,0.09444444444444444,"Wilkes Pass, Namotu"
2024-08-01 00:00:00+00:00,0.0,"Wilkes Pass, Namotu"
2024-09-01 00:00:00+00:00,0.0,"Wilkes Pass, Namotu"
2024-10-01 00:00:00+00:00,0.0,"Wilkes Pass, Namotu"
2024-11-01 00:00:00+00:00,0.0,"Wilkes Pass, Namotu"
2024-12-01 00:00:00+00:00,0.10161290322580645,"Wilkes Pass, Namotu"
